536365,84029E,RED WOOLLY HOTTIE WHITE HEART.,6,2010-12-01 08:26:00,3.39,17850,United_Kingdom
536366,22632,HAND WARMER RED POLKA DOT,6,2010-12-01 08:28:00,1.85,17850,United_Kingdom
536368,22960,JAM MAKING SET WITH JARS,6,2010-12-01 08:34:00,4.25,13047,Italy
536369,37449,CERAMIC CAKE STAND + HANGING CAKES,3,2010-12-01 08:35:00,5.95,13047,United_Kingdom
536372,22633,HAND WARMER UNION JACK,6,2010-12-01 09:01:00,1.85,17850,United_Kingdom
536374,21258,VICTORIAN SEWING BOX LARGE,32,2010-12-01 09:09:00,10.95,15100,United_Kingdom
536376,21733,RED HANGING HEART T-LIGHT HOLDER,64,2010-12-01 09:32:00,2.55,15291,Italy
536377,22632,HAND WARMER RED POLKA DOT,6,2010-12-01 09:34:00,1.85,17850,United_Kingdom
536380,22961,JAM MAKING SET PRINTED,24,2010-12-01 09:41:00,1.45,17809,Italy
536385,22961,JAM MAKING SET PRINTED,12,2010-12-01 09:56:00,1.45,17420,Italy
536396,22837,HOT WATER BOTTLE BABUSHKA,6,2010-12-01 10:51:00,3.39,17850,United_Kingdom
536399,22632,HAND WARMER RED POLKA DOT,6,2010-12-01 10:52:00,1.85,17850,United_Kingdom
536400,22969,HOMEMADE JAM SCENTED CANDLES,12,2010-12-01 10:53:00,1.45,13448,Italy
536402,22837,HOT WATER BOTTLE BABUSHKA ,36,2010-12-01 11:22:00,4.25,15513,United_Kingdom
536407,22960,JAM MAKING SET WITH JARS,6,2010-12-01 11:34:00,1.85,17850,United_Kingdom
536423,22837,HOT WATER BOTTLE BABUSHKA ,8,2010-12-01 12:08:00,4.65,18085,United_Kingdom
536460,84879,ASSORTED COLOUR BIRD ORNAMENT,24,2010-12-01 12:22:00,1.69,14849,United_Kingdom
536466,22960,JAM MAKING SET WITH JARS,6,2010-12-01 12:23:00,4.25,14849,United_Kingdom
536502,84879,ASSORTED COLOUR BIRD ORNAMENT,16,2010-12-01 12:36:00,1.69,16552,Italy
536514,22865,HAND WARMER OWL DESIGN,36,2010-12-01 12:40:00,2.1,17951,United_Kingdom
536527,22969,HOMEMADE JAM SCENTED CANDLES,12,2010-12-01 13:04:00,1.45,12662,Germany
536528,22865,HAND WARMER OWL DESIGN,1,2010-12-01 13:17:00,2.1,15525,United_Kingdom
536529,21258,VICTORIAN SEWING BOX LARGE,1,2010-12-01 13:20:00,12.75,14237,United_Kingdom
536536,84879,ASSORTED COLOUR BIRD ORNAMENT,80,2010-12-01 13:45:00,1.69,18144,United_Kingdom
536542,22960,JAM MAKING SET WITH JARS,40,2010-12-01 14:11:00,1.95,16456,Italy
536560,22960,JAM MAKING SET WITH JARS,12,2010-12-01 15:00:00,3.75,13093,United_Kingdom
536564,37449,CERAMIC CAKE STAND + HANGING CAKES,4,2010-12-01 15:08:00,9.95,13468,United_Kingdom
536567,22632,HAND WARMER RED RETROSPOT,24,2010-12-01 15:27:00,2.1,16048,United_Kingdom
536574,37449,CERAMIC CAKE STAND + HANGING CAKES,3,2010-12-01 15:46:00,5.95,17025,United_Kingdom
536575,22960,JAM MAKING SET WITH JARS,70,2010-12-01 16:01:00,1.65,13777,Italy
536578,22837,HOT WATER BOTTLE BABUSHKA ,12,2010-12-01 16:15:00,4.65,17690,United_Kingdom
536581,21258,VICTORIAN SEWING BOX LARGE,200,2010-12-01 16:19:00,1.65,13777,United_Kingdom
536584,84029E,RED WOOLLY HOTTIE WHITE HEART.,384,2010-12-01 16:22:00,2.95,13777,United_Kingdom
536585,37449,CERAMIC CAKE STAND + HANGING CAKES,2,2010-12-01 16:24:00,9.95,17460,United_Kingdom
536590,22969,HOMEMADE JAM SCENTED CANDLES,12,2010-12-01 16:52:00,1.45,13065,United_Kingdom
536600,22837,HOT WATER BOTTLE BABUSHKA,6,2010-12-02 08:32:00,3.39,17850,United_Kingdom
536601,22960,JAM MAKING SET WITH JARS,6,2010-12-02 08:33:00,1.85,17850,Italy
536603,22632,HAND WARMER RED POLKA DOT,6,2010-12-02 08:40:00,1.85,17850,United_Kingdom
536604,21733,RED HANGING HEART T-LIGHT HOLDER,6,2010-12-02 08:43:00,2.95,14741,United_Kingdom
536607,21733,RED HANGING HEART T-LIGHT HOLDER,6,2010-12-02 09:29:00,2.95,17732,Italy
536608,21733,RED HANGING HEART T-LIGHT HOLDER,6,2010-12-02 09:37:00,2.95,12855,United_Kingdom
536610,22632,HAND WARMER RED POLKA DOT,6,2010-12-02 09:42:00,1.85,17850,Italy
536611,22865,HAND WARMER OWL DESIGN,12,2010-12-02 09:43:00,2.1,15752,United_Kingdom
536614,22632,HAND WARMER RED POLKA DOT,6,2010-12-02 09:44:00,1.85,17850,United_Kingdom
536618,22960,JAM MAKING SET WITH JARS,24,2010-12-02 10:17:00,1.65,17017,United_Kingdom
536619,22961,JAM MAKING SET PRINTED,36,2010-12-02 10:18:00,1.45,17017,United_Kingdom
536584,84029E,RED WOOLLY HOTTIE WHITE HEART.,384,2010-12-01 16:22:00,2.95,13777,Germany
536530,21258,VICTORIAN SEWING BOX LARGE,1,2010-12-01 13:20:00,12.75,14237,United_Kingdom
536936,84879,ASSORTED COLOUR BIRD ORNAMENT,80,2010-12-01 13:45:00,1.69,18144,United_Kingdom
536512,22960,JAM MAKING SET WITH JARS,40,2010-12-01 14:11:00,1.95,16456,Germany